,input_text_list,pos_extraction_list,collection_word_list,list_docs_retrived,prompt
0," I'm currently enjoying the album ""Listen to Eason Chan.""","['m', 'enjoying']","['am', 'excited', 'going', 'listening', 'loving']","[""I have exceeded my Twitter API limit. Gosh. Was too excited about Singapore trending .. Can't tweet anymore  anyway i am going for a jog"", ""listening to eason's 2006 album .. What's going on...? This is my favourite eason album  it's 3.38am""]","Paraphrase the following sentence without adding any other information: "" I'm currently enjoying the album ""Listen to Eason Chan."""" based on the user's previous tweets: ""[""I have exceeded my Twitter API limit. Gosh. Was too excited about Singapore trending .. Can't tweet anymore  anyway i am going for a jog"", ""listening to eason's 2006 album .. What's going on...? This is my favourite eason album  it's 3.38am""]""."
1," Visit the blog for the best quote of the day, which is ""cake my face, BITCH"" hahaha.",['best'],"['all', 'favourite', 'get', 'good']","[""I guess I'm last shift to drive... Time to sleep first then  @ Vegas Road Trip  "", '@missjmar omg it IS freaking gorgeous! Had sooo much fun, wish I remembered to take a picture of that beautiful waterfall ']","Paraphrase the following sentence without adding any other information: "" Visit the blog for the best quote of the day, which is ""cake my face, BITCH"" hahaha."" based on the user's previous tweets: ""[""I guess I'm last shift to drive... Time to sleep first then  @ Vegas Road Trip  "", '@missjmar omg it IS freaking gorgeous! Had sooo much fun, wish I remembered to take a picture of that beautiful waterfall ']""."
2, @jackfaulkner suggested using heroin to help alleviate physical pain.,['physical'],"['energetic', 'kind', 'life', 'same']","['@thecraigmorris @SoulIsTheGoal @jackfaulkner Nyaww, thanks guys  wish I had remembered to put it in the first time round. Nevermind!', '@addersop I went to Creamfields 2 years ago, but it was full of pricks  The crowd at BF are just really friendly and sound.']","Paraphrase the following sentence without adding any other information: "" @jackfaulkner suggested using heroin to help alleviate physical pain."" based on the user's previous tweets: ""['@thecraigmorris @SoulIsTheGoal @jackfaulkner Nyaww, thanks guys  wish I had remembered to put it in the first time round. Nevermind!', '@addersop I went to Creamfields 2 years ago, but it was full of pricks  The crowd at BF are just really friendly and sound.']""."
3," @WillMyDogHateMe, your statement about the theory being powerful and causing people to feel afraid is accurate.","['powerful', 'afraid', 'accurate']","['blunt', 'energetic', 'good', 'heavy', 'more', 'know', 'not', 'too', 'good', 'more', 'not', 'useless']","['@pinkjellytot yes although some dogs are definitely more of a challenge.  I had one of those!', '@WillMyDogHateMe Wait till u read HER stuff OMG I suspect you will fall about laughing. At least CM is not formally spawning himself ']","Paraphrase the following sentence without adding any other information: "" @WillMyDogHateMe, your statement about the theory being powerful and causing people to feel afraid is accurate."" based on the user's previous tweets: ""['@pinkjellytot yes although some dogs are definitely more of a challenge.  I had one of those!', '@WillMyDogHateMe Wait till u read HER stuff OMG I suspect you will fall about laughing. At least CM is not formally spawning himself ']""."
4, @delossantoss agrees with you @raingin. How was your work? :o.,"['agrees', 'raingin', 'was']","['know', 'that', 'uses', 'will', 'waxyx', 'weiweis', 'had', 'is', 'meant', 'wanted', 'would']","['@hoffifer working, as usual .. Awesome weather is taunting me ', ""@hoffifer what company ? Only if they take paypal lol if they don't ill look for a site selling it that does take paypal ""]","Paraphrase the following sentence without adding any other information: "" @delossantoss agrees with you @raingin. How was your work? :o."" based on the user's previous tweets: ""['@hoffifer working, as usual .. Awesome weather is taunting me ', ""@hoffifer what company ? Only if they take paypal lol if they don't ill look for a site selling it that does take paypal ""]""."
5," @MissPressa and I had the same idea. Unfortunately, she did not attend SMCSYD. I noticed her experience via Twitter.",['same'],"['same', 'the']","['@cazduck Me too. You can refresh your memory of it here if you want to:   ', '@tiphereth Ta. Must be new profile pic day.  Thailand top of holiday list so far. Not for a few months though - probably a winter escape.']","Paraphrase the following sentence without adding any other information: "" @MissPressa and I had the same idea. Unfortunately, she did not attend SMCSYD. I noticed her experience via Twitter."" based on the user's previous tweets: ""['@cazduck Me too. You can refresh your memory of it here if you want to:   ', '@tiphereth Ta. Must be new profile pic day.  Thailand top of holiday list so far. Not for a few months though - probably a winter escape.']""."
6," @MINGOENT, that's great news! My children are doing well. School is almost finished, but I'm not quite ready for it. LOL","['great', 'ready']","['good', 'have', 'kind', 'lot', 'too', 'get', 'going']","['@KiKiDeuce yeah legal probs/never fun! And I only get a week off school  its a 2 yr program. Booo buts all good', ""@BlackQueen1010 oh man..at least u get to tweet us  and working sat or sun is grind! Cause I ain't doing it. Lol""]","Paraphrase the following sentence without adding any other information: "" @MINGOENT, that's great news! My children are doing well. School is almost finished, but I'm not quite ready for it. LOL"" based on the user's previous tweets: ""['@KiKiDeuce yeah legal probs/never fun! And I only get a week off school  its a 2 yr program. Booo buts all good', ""@BlackQueen1010 oh man..at least u get to tweet us  and working sat or sun is grind! Cause I ain't doing it. Lol""]""."
7," The last Spring Awakening show in London has started recently and unfortunately, I never had the chance to attend.",['last'],"['day', 'half', 'this', 'time']","['I totally forgot about West End Live this past weekend! Gutted  ', '@maureenjohnson YESPLZ! I sent you an email about this very subject matter mere days ago ']","Paraphrase the following sentence without adding any other information: "" The last Spring Awakening show in London has started recently and unfortunately, I never had the chance to attend."" based on the user's previous tweets: ""['I totally forgot about West End Live this past weekend! Gutted  ', '@maureenjohnson YESPLZ! I sent you an email about this very subject matter mere days ago ']""."
8, My heater is located underneath my table; a good thought.,['good'],"['darn', 'good', 'kind', 'lot', 'too']","[""@leetid83 It might spoil it for you though.  I don't mind that the movie isn't the same as the book but a lot of people hate it."", '@SwissTwist Morning!  You may leave them with me. ;)']","Paraphrase the following sentence without adding any other information: "" My heater is located underneath my table; a good thought."" based on the user's previous tweets: ""[""@leetid83 It might spoil it for you though.  I don't mind that the movie isn't the same as the book but a lot of people hate it."", '@SwissTwist Morning!  You may leave them with me. ;)']""."
9," @Dangerous_T, you are incredibly foolish! I hope my mind was clearer at the moment.","['foolish', 'clearer']","['not', 'sad', 'too', 'useless', 'become', 'bit', 'lot', 'more', 'than']","['I have tried to follow 4 new ppl and its not saving to my twitter?? ', ""@MACTRAKZ Text the pic if u can't upload it ""]","Paraphrase the following sentence without adding any other information: "" @Dangerous_T, you are incredibly foolish! I hope my mind was clearer at the moment."" based on the user's previous tweets: ""['I have tried to follow 4 new ppl and its not saving to my twitter?? ', ""@MACTRAKZ Text the pic if u can't upload it ""]""."
10, I believe I misplaced my textbook for Spanish!! :-(,['Spanish'],"['California', 'France', 'H1N1', 'music']","['@SongzYuuup wat is the name of ur mixtape with &quot;r u a performer&quot; &amp; &quot;do u kno what la pearla is&quot; i lost all my music and i ? that mixtape ', 'lunch was bfast but the shit was good as hell!!! eggs turkeg bacon and wheat toast w/ orange.... man i dont wanna go to class ']","Paraphrase the following sentence without adding any other information: "" I believe I misplaced my textbook for Spanish!! :-("" based on the user's previous tweets: ""['@SongzYuuup wat is the name of ur mixtape with &quot;r u a performer&quot; &amp; &quot;do u kno what la pearla is&quot; i lost all my music and i ? that mixtape ', 'lunch was bfast but the shit was good as hell!!! eggs turkeg bacon and wheat toast w/ orange.... man i dont wanna go to class ']""."
11," The weather is pleasant, but I still have to go to work.",['pleasant'],"['bright', 'energetic', 'good', 'kind', 'sad']","['Not happy having a stuck up old woman sat next to me on the coach! Annoying! ', ""@kristinasky I can't wait for the Lost finale!! Arguably the best show on TV ""]","Paraphrase the following sentence without adding any other information: "" The weather is pleasant, but I still have to go to work."" based on the user's previous tweets: ""['Not happy having a stuck up old woman sat next to me on the coach! Annoying! ', ""@kristinasky I can't wait for the Lost finale!! Arguably the best show on TV ""]""."
12," @NileyLover09 Sister, I'm going to log out from twitter at the moment... However, I will still be available on YouTube... Farewell!",['available'],"['are', 'for', 'free', 'will']","[""@arvinmaruya She's MARRIED for crying out loud! She and her hubby stayed overnight with our class in Eden... She didn't go swimming... "", '@NileyLover09 Sis! I made a mistake in the picture!  I have to delete it... I have to add something in it...']","Paraphrase the following sentence without adding any other information: "" @NileyLover09 Sister, I'm going to log out from twitter at the moment... However, I will still be available on YouTube... Farewell!"" based on the user's previous tweets: ""[""@arvinmaruya She's MARRIED for crying out loud! She and her hubby stayed overnight with our class in Eden... She didn't go swimming... "", '@NileyLover09 Sis! I made a mistake in the picture!  I have to delete it... I have to add something in it...']""."
13," Hey @dumbbadoor, I miss you. Will I see you on Thursday? Also, yay for Pirates of the Caribbean!","['miss', 'Will', 'see']","['get', 'know', 'missed', 'Cant', 'Must', 'Was', 'What', 'will', 'know', 'you']","[""@yoitsbooty ) NICE. I want it. I'll get the pirated. ) I MISS YOU "", 'DAMN I MISSED MY 2700TH.  THAT WAS SUPPOSED TO BE FOR T1. My 2800th, 2900th and 3000th will all be for T1.']","Paraphrase the following sentence without adding any other information: "" Hey @dumbbadoor, I miss you. Will I see you on Thursday? Also, yay for Pirates of the Caribbean!"" based on the user's previous tweets: ""[""@yoitsbooty ) NICE. I want it. I'll get the pirated. ) I MISS YOU "", 'DAMN I MISSED MY 2700TH.  THAT WAS SUPPOSED TO BE FOR T1. My 2800th, 2900th and 3000th will all be for T1.']""."
14, I have a great suggestion: my class should go to the gun range for an end-of-year outing.,"['great', 'endofyear']","['good', 'have', 'kind', 'lot', 'too', 'waxyx', 'waxyxno']","['@t0mf remember its worth it when you know you have the girl you love standing beside you for the rest of your life ', '@Mig177 its what i say why!!!! k4ge last day at the job today  we wont be saying him around anymore ']","Paraphrase the following sentence without adding any other information: "" I have a great suggestion: my class should go to the gun range for an end-of-year outing."" based on the user's previous tweets: ""['@t0mf remember its worth it when you know you have the girl you love standing beside you for the rest of your life ', '@Mig177 its what i say why!!!! k4ge last day at the job today  we wont be saying him around anymore ']""."
15, MrMcShine has more than 700 tweets and more than 50 followers. The expression on his face is unspecified.,"['more', 'more', 'unspecified']","['bit', 'lot', 'more', 'than', 'too', 'bit', 'lot', 'more', 'than', 'too', 'any', 'kind', 'meant', 'same', 'weird']","[""@Miss_Grace Nope Amanda's had Botox, she's completely open about it, which I love! They're not making any more Wild At Heart either!! :O "", 'Good morning, tweeters -- school tommorow... These holidays have gone FAR too quickly!!! ']","Paraphrase the following sentence without adding any other information: "" MrMcShine has more than 700 tweets and more than 50 followers. The expression on his face is unspecified."" based on the user's previous tweets: ""[""@Miss_Grace Nope Amanda's had Botox, she's completely open about it, which I love! They're not making any more Wild At Heart either!! :O "", 'Good morning, tweeters -- school tommorow... These holidays have gone FAR too quickly!!! ']""."
16," @mimikatelouise, Tuesday is coming soon and time will pass quickly until then, putting us on a safer ground.","['is', 'coming', 'pass', 'putting']","['This', 'be', 'is', 'so', 'back', 'from', 'going', 'gone', 'get', 'through', 'turn', 'carrying', 'going', 'off', 'put']","['@Quaristice Re: Nolans the only thing that comes into my mind is &quot;why?&quot; ', '@Misspopov The worst thing is when someone decides they HAVE to take something and it needs washing just hours before you need to go ']","Paraphrase the following sentence without adding any other information: "" @mimikatelouise, Tuesday is coming soon and time will pass quickly until then, putting us on a safer ground."" based on the user's previous tweets: ""['@Quaristice Re: Nolans the only thing that comes into my mind is &quot;why?&quot; ', '@Misspopov The worst thing is when someone decides they HAVE to take something and it needs washing just hours before you need to go ']""."
17, Transform your beverage into a frozen dessert.,['frozen'],"['gone', 'hungry', 'still', 'water']","[""@rny_alison Yep I'm a NYer so apples, cider, pumpkins, leaves changing color, crisp nights. CA is still HOT in October "", '@meltingmama You must make them with the whippersnappers. They will heart it ']","Paraphrase the following sentence without adding any other information: "" Transform your beverage into a frozen dessert."" based on the user's previous tweets: ""[""@rny_alison Yep I'm a NYer so apples, cider, pumpkins, leaves changing color, crisp nights. CA is still HOT in October "", '@meltingmama You must make them with the whippersnappers. They will heart it ']""."
18," I can relate, this has occurred to me frequently.","['relate', 'has', 'occurred']","['how', 'know', 'like', 'might', 'already', 'had', 'have', 'is', 'gone', 'had', 'later', 'missed', 'which']","[""@AOutrageous ewwww there cheese makes me feel like i'm pregnant. LOL like it makes me nauseous  but there salads are my fav"", '@kpulla  I am seriously like passing out this damn red bull isnt doing much. ']","Paraphrase the following sentence without adding any other information: "" I can relate, this has occurred to me frequently."" based on the user's previous tweets: ""[""@AOutrageous ewwww there cheese makes me feel like i'm pregnant. LOL like it makes me nauseous  but there salads are my fav"", '@kpulla  I am seriously like passing out this damn red bull isnt doing much. ']""."
19," Hey Stella, have you seen Rob around? I need to go check on the Origin game. Do you think we're losing badly?","['have', 'seen', 'need', 'go', 'check', 'Do', 'think', 're', 'losing']","['already', 'had', 'have', 'need', 'already', 'gone', 'had', 'have', 'get', 'have', 'need', 'do', 'go', 'to', 'get', 'out', 'please', 'If', 'What', 'do', 'I', 'know', 'like', 'If', 'So', 'if', 'we', 'going', 'loss', 'win', 'without']","[""@stella_li Don't worry neither do I. I see a lot of @ and # and sometimes have no idea what's going on. "", ""@SaiyoukoSensei Outside would b nice but it's 10pm cold &amp; raining  &amp; is essay due tomorrow &amp; it's already overdue gonna have 2 suck it up""]","Paraphrase the following sentence without adding any other information: "" Hey Stella, have you seen Rob around? I need to go check on the Origin game. Do you think we're losing badly?"" based on the user's previous tweets: ""[""@stella_li Don't worry neither do I. I see a lot of @ and # and sometimes have no idea what's going on. "", ""@SaiyoukoSensei Outside would b nice but it's 10pm cold &amp; raining  &amp; is essay due tomorrow &amp; it's already overdue gonna have 2 suck it up""]""."
20, Thank you @kamla for introducing me to the 1941 version of Maltese Falcon. I will check it out the next time I am buying DVDs. Cheers.,"['Maltese', 'next']","['Lady', 'Singapore', 'favourite', 'prize', 'day', 'the', 'this']","[""@Spitphyre I know it was in March. Just wanted to register my attendance in your b' day wishes! Have a nice day ahead "", ""@cassialan @simblysouth @cutething Thanks for the follow! @cutething You've got a nice blog, Avni  Take care!""]","Paraphrase the following sentence without adding any other information: "" Thank you @kamla for introducing me to the 1941 version of Maltese Falcon. I will check it out the next time I am buying DVDs. Cheers."" based on the user's previous tweets: ""[""@Spitphyre I know it was in March. Just wanted to register my attendance in your b' day wishes! Have a nice day ahead "", ""@cassialan @simblysouth @cutething Thanks for the follow! @cutething You've got a nice blog, Avni  Take care!""]""."
21, @tommcfly Are you enjoying reading the Twilight series? I've read all the books and think they're amazing. Please answer and make me happy ❤️,['happy'],"['excited', 'good', 'lucky', 'sad']","['I have class tomorrow and tomorrow is Saturday, I hate having class Saturday  ', ""@dannymcfly you don't have to come back to england, you can stay here in brazil with us, we love you, haha ""]","Paraphrase the following sentence without adding any other information: "" @tommcfly Are you enjoying reading the Twilight series? I've read all the books and think they're amazing. Please answer and make me happy ❤️"" based on the user's previous tweets: ""['I have class tomorrow and tomorrow is Saturday, I hate having class Saturday  ', ""@dannymcfly you don't have to come back to england, you can stay here in brazil with us, we love you, haha ""]""."
22," Honorsociety, you always make me laugh. You appear adorable, not fatigued.",['adorable'],"['darn', 'excited', 'loving', 'sad']","[""@mitchelmusso 's Cd is out now in Iowa! Everybody who hasn't already pre-ordered in CST should be at the store waiting in line now! "", ""just looked  on amazon. it said @mitchelmusso 's album won't be arriving until june 5th!     SOBS""]","Paraphrase the following sentence without adding any other information: "" Honorsociety, you always make me laugh. You appear adorable, not fatigued."" based on the user's previous tweets: ""[""@mitchelmusso 's Cd is out now in Iowa! Everybody who hasn't already pre-ordered in CST should be at the store waiting in line now! "", ""just looked  on amazon. it said @mitchelmusso 's album won't be arriving until june 5th!     SOBS""]""."
23," @bronzeshiney stated that they zoomed in closely and are capable of multitasking, as indicated by their laughter.",['capable'],"['not', 'still', 'without']","[""@fhgrl33 Aw, love, *I* shouldn't remind you of BAD things ... well ... maybe bad/GOOD but not bad/BAD.  "", ""@abbafan69 I'm going to miss the PBPs and the live show Mon-Thurs next week.  I'm not happy about that.  ""]","Paraphrase the following sentence without adding any other information: "" @bronzeshiney stated that they zoomed in closely and are capable of multitasking, as indicated by their laughter."" based on the user's previous tweets: ""[""@fhgrl33 Aw, love, *I* shouldn't remind you of BAD things ... well ... maybe bad/GOOD but not bad/BAD.  "", ""@abbafan69 I'm going to miss the PBPs and the live show Mon-Thurs next week.  I'm not happy about that.  ""]""."
24," @GoDJewels, I am very shy and frightened, so I won't do it.",['shy'],"['bit', 'just', 'loving', 'too']","['Ugh, it was just nasty. WAAAAYYYYY too much tongue!! ', '@teebaby89 girl, not too much just sittin here looking for somethin to watch ']","Paraphrase the following sentence without adding any other information: "" @GoDJewels, I am very shy and frightened, so I won't do it."" based on the user's previous tweets: ""['Ugh, it was just nasty. WAAAAYYYYY too much tongue!! ', '@teebaby89 girl, not too much just sittin here looking for somethin to watch ']""."
25, The two things I love the most are Fuzzball and the Lakers.,"['love', 'are']","['cherish', 'know', 'like', 'loving', 'are', 'have', 'will']","['Some people like Fuzzball, others like Tonight Show   ', 'All I hear people talking about is Fuzzball and Adam Lambert   ']","Paraphrase the following sentence without adding any other information: "" The two things I love the most are Fuzzball and the Lakers."" based on the user's previous tweets: ""['Some people like Fuzzball, others like Tonight Show   ', 'All I hear people talking about is Fuzzball and Adam Lambert   ']""."
26," I'm eating one of Liz's cupcakes she left, do you want the plate back? They're okay, unlike last time when I had a burnt one. XXXX","['okay', 'last', 'burnt']","['anyway', 'but', 'just', 'yeah', 'day', 'half', 'this', 'time', 'gone', 'got', 'off', 'out', 'tired']","['crap.. fuck,, shit I LOST MY USBB!!!!!!!!!!!!!!!!!!! again this is the 7th time ...man .,,,technology hates me ', 'aww..... all time lows concert is today  ... so depresssed  ......................... in 1hr and a half ... starts at 12.30pm .*cryin*']","Paraphrase the following sentence without adding any other information: "" I'm eating one of Liz's cupcakes she left, do you want the plate back? They're okay, unlike last time when I had a burnt one. XXXX"" based on the user's previous tweets: ""['crap.. fuck,, shit I LOST MY USBB!!!!!!!!!!!!!!!!!!! again this is the 7th time ...man .,,,technology hates me ', 'aww..... all time lows concert is today  ... so depresssed  ......................... in 1hr and a half ... starts at 12.30pm .*cryin*']""."
27," @lowrobb, I'm confident that I have emerged victorious in this particular area.","['confident', 'victorious', 'particular']","['energetic', 'excited', 'going', 'good', 'again', 'cheer', 'trophy', 'win', 'any', 'kind', 'same', 'the', 'this']","[""@patvandiest but this is a good deed, it's a howto "", '@lonkay scratch that, I am going home right now  fooood here I come!']","Paraphrase the following sentence without adding any other information: "" @lowrobb, I'm confident that I have emerged victorious in this particular area."" based on the user's previous tweets: ""[""@patvandiest but this is a good deed, it's a howto "", '@lonkay scratch that, I am going home right now  fooood here I come!']""."
28," Manually entering game codes is taking a long time, but it will be worth it.",['long'],"['few', 'gone', 'time', 'too']","['Poor Cavs. Wah wah waaaaah. But one thing is sure this will be an amazing game! Go Magic! ', 'It feels SO good to take those heels off! Whew! Now off to some great food. Yaaaaaaay! ']","Paraphrase the following sentence without adding any other information: "" Manually entering game codes is taking a long time, but it will be worth it."" based on the user's previous tweets: ""['Poor Cavs. Wah wah waaaaah. But one thing is sure this will be an amazing game! Go Magic! ', 'It feels SO good to take those heels off! Whew! Now off to some great food. Yaaaaaaay! ']""."
29," Right now, Sarah and Zoe are also reading the book ""The Witches.""","['are', 'reading']","['are', 'have', 'will', 'bedtime', 'blogging', 'just', 'listening', 'this']","[""Time to go and have some one-on-one time with my daughter while the boys are out. I wonder what she'll want to do? Time to find out "", ""@Tarale Sometimes you feel better just having a plan, so it's good you've made a decision. ""]","Paraphrase the following sentence without adding any other information: "" Right now, Sarah and Zoe are also reading the book ""The Witches."""" based on the user's previous tweets: ""[""Time to go and have some one-on-one time with my daughter while the boys are out. I wonder what she'll want to do? Time to find out "", ""@Tarale Sometimes you feel better just having a plan, so it's good you've made a decision. ""]""."
30," @youngstud07 discovered it, included it, but it's still not accessible!",['accessible'],"['be', 'internet', 'via', 'yet']","[""I'm such an idiot! Thinking it was gonna be in the 60s and rainy I wore a sweater 2day. Its really gonna be 90 degrees....FML "", ""@dbuie o ok that's good! Don't be nervous! U will do fine ""]","Paraphrase the following sentence without adding any other information: "" @youngstud07 discovered it, included it, but it's still not accessible!"" based on the user's previous tweets: ""[""I'm such an idiot! Thinking it was gonna be in the 60s and rainy I wore a sweater 2day. Its really gonna be 90 degrees....FML "", ""@dbuie o ok that's good! Don't be nervous! U will do fine ""]""."
31, I enjoyed kissing a pig despite the swine flu.,"['enjoyed', 'kissing']","['excited', 'got', 'had', 'missed', 'wanted', 'bed', 'listening', 'loving', 'sleeping', 'weird']","['@yaseminx3 I cant wait eitherrr. 6 months is wayyy too long, and thats if we even get it the same time as the US, we didnt for Twilight ', '@Jonas_Dreamgirl Umm only one person can win the major prize, from any state, but 10 people can win the minor prize, only from NSW tho ']","Paraphrase the following sentence without adding any other information: "" I enjoyed kissing a pig despite the swine flu."" based on the user's previous tweets: ""['@yaseminx3 I cant wait eitherrr. 6 months is wayyy too long, and thats if we even get it the same time as the US, we didnt for Twilight ', '@Jonas_Dreamgirl Umm only one person can win the major prize, from any state, but 10 people can win the minor prize, only from NSW tho ']""."
32," @doodlebugdebz, I haven't received my allowance yet. @carlacharisse, next year, I'm going to pursue B.Ed. in the University of Auckland.",['next'],"['day', 'the', 'this']","[""@shandi_archie aww it's okay  .i live in Asia in case you're wondering.haha.btw, i love the rain too.since the weather here is so hot "", ""@carlacharisse it's a handmade bracelet by the Uganda children.and some stories about em.pretty sad ""]","Paraphrase the following sentence without adding any other information: "" @doodlebugdebz, I haven't received my allowance yet. @carlacharisse, next year, I'm going to pursue B.Ed. in the University of Auckland."" based on the user's previous tweets: ""[""@shandi_archie aww it's okay  .i live in Asia in case you're wondering.haha.btw, i love the rain too.since the weather here is so hot "", ""@carlacharisse it's a handmade bracelet by the Uganda children.and some stories about em.pretty sad ""]""."
33," Crafters, I have craft supplies for you. #craft","['have', 'craft']","['already', 'had', 'have', 'need', 'blogging', 'music', 'things', 'work']","['@LuvToSparkLe oh i hate it when that happens. i when i transfered universities i had a hell of a time transferring my credits! lost a few ', ""@mytweetspots oh duh! you said that. i can't watch anything at hulu. in canada. wont let me have access ""]","Paraphrase the following sentence without adding any other information: "" Crafters, I have craft supplies for you. #craft"" based on the user's previous tweets: ""['@LuvToSparkLe oh i hate it when that happens. i when i transfered universities i had a hell of a time transferring my credits! lost a few ', ""@mytweetspots oh duh! you said that. i can't watch anything at hulu. in canada. wont let me have access ""]""."
34," I apologize, I got distracted by a word in your message but realized it was just my imagination.","['apologize', 'got', 'distracted', 'realized', 'was']","['know', 'missed', 'oops', 'please', 'get', 'got', 'had', 'addicted', 'awake', 'missed', 'tired', 'too', 'got', 'had', 'meant', 'that', 'wanted', 'had', 'is', 'meant', 'wanted', 'would']","[""@ASOS_Tamara what's going on with those alarms? you still got builders in? they seem to be going off a lot "", ""@FrankAndFaith That's all I needed to hear  you'd think I'd have got over my nerves by now but still not ""]","Paraphrase the following sentence without adding any other information: "" I apologize, I got distracted by a word in your message but realized it was just my imagination."" based on the user's previous tweets: ""[""@ASOS_Tamara what's going on with those alarms? you still got builders in? they seem to be going off a lot "", ""@FrankAndFaith That's all I needed to hear  you'd think I'd have got over my nerves by now but still not ""]""."
35," @mommapurvis I'm down to hang out, but I'm not sure if I'll have enough money to drink. Lol","['down', 'sure', 'enough']","['back', 'into', 'off', 'out', 'through', 'know', 'make', 'not', 'good', 'need', 'not', 'too', 'yet']","[""@ginacena not in my part of TN it's not   it's still 11:35 here lol"", ""@tooshort55 it's not y'all's faults, it's not the guys...as Jordan said the situation was bigger than them ""]","Paraphrase the following sentence without adding any other information: "" @mommapurvis I'm down to hang out, but I'm not sure if I'll have enough money to drink. Lol"" based on the user's previous tweets: ""[""@ginacena not in my part of TN it's not   it's still 11:35 here lol"", ""@tooshort55 it's not y'all's faults, it's not the guys...as Jordan said the situation was bigger than them ""]""."
36," @onedavidnet, I am surprised that I have just discovered OneDavid, but you guys are amazing! I am willing to offer my help with any designing needs you may have.","['surprised', 'willing']","['excited', 'know', 'sad', 'going', 'need', 'not', 'would']","[""@do0dlebugdebz uuuu maybe u'll know which country u're gonna go to! "", ""@bill_archie  Haha yeah! aww the next part's gonna be pretty sad ""]","Paraphrase the following sentence without adding any other information: "" @onedavidnet, I am surprised that I have just discovered OneDavid, but you guys are amazing! I am willing to offer my help with any designing needs you may have."" based on the user's previous tweets: ""[""@do0dlebugdebz uuuu maybe u'll know which country u're gonna go to! "", ""@bill_archie  Haha yeah! aww the next part's gonna be pretty sad ""]""."
37," The song ""Whatcha Say"" by Jason Derulo is being played on repeat.","['is', 'being', 'played']","['This', 'be', 'is', 'so', 'are', 'going', 'not', 'games', 'gone', 'got', 'had', 'missed']","[""@Kriptic I Thought I Had It Bad,,. 10 Assignments For Tha 15th June,. : | Ain' Started 2 Though,. : | This Shit Sucks,. "", ""Am Up 127 Words,,. I Will Finish This Assignment Today &amp;&amp; My Unit 41 Assignment,,. I WILL,.. (Not),. Sun's Still Out So I'm Out,.! ""]","Paraphrase the following sentence without adding any other information: "" The song ""Whatcha Say"" by Jason Derulo is being played on repeat."" based on the user's previous tweets: ""[""@Kriptic I Thought I Had It Bad,,. 10 Assignments For Tha 15th June,. : | Ain' Started 2 Though,. : | This Shit Sucks,. "", ""Am Up 127 Words,,. I Will Finish This Assignment Today &amp;&amp; My Unit 41 Assignment,,. I WILL,.. (Not),. Sun's Still Out So I'm Out,.! ""]""."
38," Hi @backyardpoultry, good morning! I wish for you to have better weather today.","['good', 'better']","['darn', 'good', 'kind', 'lot', 'too', 'get', 'good', 'more', 'than']","[""- @libraritarian59 Oh no! @donutspy isn't a good link! "", ""@hwall1018 Twittermom just knew that ankle wasn't ready for class yet! (It sounds good anyway) Back to RICE huh. ""]","Paraphrase the following sentence without adding any other information: "" Hi @backyardpoultry, good morning! I wish for you to have better weather today."" based on the user's previous tweets: ""[""- @libraritarian59 Oh no! @donutspy isn't a good link! "", ""@hwall1018 Twittermom just knew that ankle wasn't ready for class yet! (It sounds good anyway) Back to RICE huh. ""]""."
39, Consuming spicy curry and potato wedges that are paired with a hot cup of tea.,['hot'],"['bright', 'darn', 'heavy', 'too', 'water']","[""Back from town and my Mac crashed on me  but it's better now"", 'Me and my little brother have to do 2papers runs tommoro becausec were releaving for some one. Gotta go to bed now.night every one. ']","Paraphrase the following sentence without adding any other information: "" Consuming spicy curry and potato wedges that are paired with a hot cup of tea."" based on the user's previous tweets: ""[""Back from town and my Mac crashed on me  but it's better now"", 'Me and my little brother have to do 2papers runs tommoro becausec were releaving for some one. Gotta go to bed now.night every one. ']""."
40," All the best tomorrow, dear @MarathonMaritza! I'll be keeping you in my thoughts.","['best', 'dear']","['all', 'favourite', 'get', 'good', 'Gosh', 'Oh', 'cherish']","['@anotorias sounds fun! We would have to get into some trouble together if I do come ', 'Thanks for all the #followfriday love everyone, too busy to return any. Hopefully tonight  Have a great day everyone ']","Paraphrase the following sentence without adding any other information: "" All the best tomorrow, dear @MarathonMaritza! I'll be keeping you in my thoughts."" based on the user's previous tweets: ""['@anotorias sounds fun! We would have to get into some trouble together if I do come ', 'Thanks for all the #followfriday love everyone, too busy to return any. Hopefully tonight  Have a great day everyone ']""."
41, I won't be traveling to Ireland anymore because I found out more about the trip and I don't want to go without Jenny for three months.,"['be', 'traveling', 'found', 'do', 'want', 'go']","['be', 'is', 'not', 'will', 'carrying', 'going', 'sleeping', 'train', 'got', 'had', 'have', 'wanted', 'do', 'go', 'know', 'know', 'need', 'wanna', 'you', 'do', 'go', 'to']","[""@FollowMandy HEY MANDYY! i hope u have a great photoshoot and i hope they take u many photos!  Can't wait to see them, i'm going to do"", '@kelliisking REALLY? i live theree!! u should come one day , so we could go SHOPPING haha, or something haha ']","Paraphrase the following sentence without adding any other information: "" I won't be traveling to Ireland anymore because I found out more about the trip and I don't want to go without Jenny for three months."" based on the user's previous tweets: ""[""@FollowMandy HEY MANDYY! i hope u have a great photoshoot and i hope they take u many photos!  Can't wait to see them, i'm going to do"", '@kelliisking REALLY? i live theree!! u should come one day , so we could go SHOPPING haha, or something haha ']""."
42," I'm still feeling excited from Elton's show last night, and my family brought some cake for our continued birthday celebrations. However, it's worth noting that my actual birthday isn't until Monday.","['last', 'continued', 'birthday', 'worth', 'actual']","['day', 'half', 'this', 'time', 'and', 'continue', 'had', '12th', '13th', 'day', 'friday', 'night', 'expensive', 'just', 'still', 'the']","['Lol! I love the BGMT crowd/crew &quot;Say it aint so!!&quot; ..... and Ant and Dec , They are good too ', ' Had to take comp inside as the baterry died...sadface']","Paraphrase the following sentence without adding any other information: "" I'm still feeling excited from Elton's show last night, and my family brought some cake for our continued birthday celebrations. However, it's worth noting that my actual birthday isn't until Monday."" based on the user's previous tweets: ""['Lol! I love the BGMT crowd/crew &quot;Say it aint so!!&quot; ..... and Ant and Dec , They are good too ', ' Had to take comp inside as the baterry died...sadface']""."
43," @THEArtistT Maybe I can recall my initial logo, but it's possible since I haven't made as many as you.","['initial', 'possible', 'many']","['after', 'early', 'the', 'if', 'make', 'might', 'that', 'all', 'few', 'people', 'these', 'those']","[""@jennybdesign you weren't the first person to suggest that "", 'ok twitterverse I will go make grilled salmon and asparagus and I will greatly enjoy it ']","Paraphrase the following sentence without adding any other information: "" @THEArtistT Maybe I can recall my initial logo, but it's possible since I haven't made as many as you."" based on the user's previous tweets: ""[""@jennybdesign you weren't the first person to suggest that "", 'ok twitterverse I will go make grilled salmon and asparagus and I will greatly enjoy it ']""."
44, I apologize that you have to sit next to that individual.,['next'],"['day', 'the', 'this']","['@xraytid I did  hope u have a good day', '@itsHoodRich heyy babayy hope u have a good day ']","Paraphrase the following sentence without adding any other information: "" I apologize that you have to sit next to that individual."" based on the user's previous tweets: ""['@xraytid I did  hope u have a good day', '@itsHoodRich heyy babayy hope u have a good day ']""."
45," I agree with your idea, but since you don't participate in those sports, it's not very useful. Nonetheless, I still appreciate the suggestion.",['useful'],"['good', 'might', 'more', 'need', 'useless']","[""@tweetnotpurge1 i'm very excited. we booking flights and planning next week  coming there in winter **brrrrrrrrrrrrrrrr**"", 'plan for the day-&gt; STUDY!!! then watch the super14 finals  then a drink with friends... 1 drink  then home to tell SMilia- I OWNED TODAY']","Paraphrase the following sentence without adding any other information: "" I agree with your idea, but since you don't participate in those sports, it's not very useful. Nonetheless, I still appreciate the suggestion."" based on the user's previous tweets: ""[""@tweetnotpurge1 i'm very excited. we booking flights and planning next week  coming there in winter **brrrrrrrrrrrrrrrr**"", 'plan for the day-&gt; STUDY!!! then watch the super14 finals  then a drink with friends... 1 drink  then home to tell SMilia- I OWNED TODAY']""."
46, I'm trying to apply for jobs but I despise filling out job applications.,"['m', 'trying', 'apply', 'despise', 'filling']","['am', 'get', 'going', 'get', 'need', 'will', 'cherish', 'do', 'know', 'like', 'bucket', 'carrying', 'out', 'up', 'with']","['boring enough day  i hate days like this! dont know whether to get an early night or watch some films!  ', 'i am saving mony for my shopping spree in london enshalah , i don`t want to spend it here  i hate going to wel..  ']","Paraphrase the following sentence without adding any other information: "" I'm trying to apply for jobs but I despise filling out job applications."" based on the user's previous tweets: ""['boring enough day  i hate days like this! dont know whether to get an early night or watch some films!  ', 'i am saving mony for my shopping spree in london enshalah , i don`t want to spend it here  i hate going to wel..  ']""."
47," @Tigressreow, is it not clear? Haha. I am receiving live tweets from inside thanks to @RobPattzNews.","['clear', 'live', 'inside']","['bright', 'good', 'not', 'that', 'life', 'live', 'people', 'world', 'back', 'into', 'out', 'the']","[""@sidneymohede u can suggest to follow other people on fridays... it's called follow friday... "", '@sivira some sort of infection, not really sure yet. doing tests... ']","Paraphrase the following sentence without adding any other information: "" @Tigressreow, is it not clear? Haha. I am receiving live tweets from inside thanks to @RobPattzNews."" based on the user's previous tweets: ""[""@sidneymohede u can suggest to follow other people on fridays... it's called follow friday... "", '@sivira some sort of infection, not really sure yet. doing tests... ']""."
48, There is a high amount of wind in the Lakes District according to @twinkle_x's tweet.,['high'],"['exceeded', 'good', 'heavy', 'school', 'too']","['@elliottdanger can wee call youuuu hmmm i will have to come up with a good name for you ', '@SymesyBoy haha OMG that is such a good plan. luckily my dad just came home and his cooking ']","Paraphrase the following sentence without adding any other information: "" There is a high amount of wind in the Lakes District according to @twinkle_x's tweet."" based on the user's previous tweets: ""['@elliottdanger can wee call youuuu hmmm i will have to come up with a good name for you ', '@SymesyBoy haha OMG that is such a good plan. luckily my dad just came home and his cooking ']""."
49," Michelle, Jael, and I are unable to gain entry into your party.",['unable'],"['cant', 'continue', 'not', 'still']","['@ringgo410 thats good at least your not bored and hungry like me right now and i cant get any food right now ', 'is trying not to cry because my best friend which is like my only friend is moving ']","Paraphrase the following sentence without adding any other information: "" Michelle, Jael, and I are unable to gain entry into your party."" based on the user's previous tweets: ""['@ringgo410 thats good at least your not bored and hungry like me right now and i cant get any food right now ', 'is trying not to cry because my best friend which is like my only friend is moving ']""."
50, @ChiefEditor4SAU is joking about knowing who to greet and who to buy drinks for.,"['is', 'joking', 'knowing', 'greet', 'buy']","['This', 'be', 'is', 'so', 'Haha', 'haha', 'just', 'yeah', 'how', 'know', 'that', 'cheer', 'day', 'downstairs', 'wait', 'with', 'discount', 'expensive', 'get']","['@LaniBrooke Id Give My Xbox Away, Rather Spend My Time With You.  Lol', '@saffrontaylor Your Welcome.  Hope You Had A Good Weekend!']","Paraphrase the following sentence without adding any other information: "" @ChiefEditor4SAU is joking about knowing who to greet and who to buy drinks for."" based on the user's previous tweets: ""['@LaniBrooke Id Give My Xbox Away, Rather Spend My Time With You.  Lol', '@saffrontaylor Your Welcome.  Hope You Had A Good Weekend!']""."
51," @tprolificjones, awesome to have caught up with you. Something tells me I'll be back soon.","['awesome', 'have', 'caught', 'Something', 'be']","['darn', 'excited', 'good', 'haha', 'weird', 'already', 'had', 'have', 'need', 'get', 'got', 'had', 'missed', 'And', 'Feels', 'Going', 'Just', 'What', 'be', 'is', 'not', 'will']","[""@danticoa good morning! it's sunny here but already blazing hot "", '@tesskisner after the show opening friday, i had a complete energy crash LOL. just getting ready to start the next phase tomorrow ']","Paraphrase the following sentence without adding any other information: "" @tprolificjones, awesome to have caught up with you. Something tells me I'll be back soon."" based on the user's previous tweets: ""[""@danticoa good morning! it's sunny here but already blazing hot "", '@tesskisner after the show opening friday, i had a complete energy crash LOL. just getting ready to start the next phase tomorrow ']""."
52, @diginux is almost reaching the 2-mile mark and expresses gratitude.,['2mile'],"['10am', '12am', 'jog', 'x']","[""That'll do it!! #blackhawks WIN! 2-0 lead in the series... started off shakey but they came back to seal the 3-2 win! "", '8 mins to go... this is it! Anywhere between 3.5 and 7 hours from now... I will hopefully be finishing! Thanks for all the support! ']","Paraphrase the following sentence without adding any other information: "" @diginux is almost reaching the 2-mile mark and expresses gratitude."" based on the user's previous tweets: ""[""That'll do it!! #blackhawks WIN! 2-0 lead in the series... started off shakey but they came back to seal the 3-2 win! "", '8 mins to go... this is it! Anywhere between 3.5 and 7 hours from now... I will hopefully be finishing! Thanks for all the support! ']""."
53, @matt303 @pickoo Just ask if you want some.,"['ask', 'want']","['know', 'please', 'you', 'know', 'need', 'wanna', 'you']","['@matt303 I know the feeling. Being &quot;popular&quot; can be a real pain in the bottom some days. You need to train up an assistant to help out.. ', '@inkscar Absolutely! Everything (or virtually everything) you do is interesting! ']","Paraphrase the following sentence without adding any other information: "" @matt303 @pickoo Just ask if you want some."" based on the user's previous tweets: ""['@matt303 I know the feeling. Being &quot;popular&quot; can be a real pain in the bottom some days. You need to train up an assistant to help out.. ', '@inkscar Absolutely! Everything (or virtually everything) you do is interesting! ']""."
54," ""Anyone know why my new background isn't showing up after I uploaded it?""","['know', 'new']","['know', 'you', 'excited', 'same', 'the', 'this']","[""lookin for green sponsor for this upcoming wed' green giveaway contest--  dm me or email info@greengiveawaycontest.com"", '@birthgoddess @piecemaker yes I know DivaCups work, we were doing blog tour review of Luna Pads though ']","Paraphrase the following sentence without adding any other information: "" ""Anyone know why my new background isn't showing up after I uploaded it?"""" based on the user's previous tweets: ""[""lookin for green sponsor for this upcoming wed' green giveaway contest--  dm me or email info@greengiveawaycontest.com"", '@birthgoddess @piecemaker yes I know DivaCups work, we were doing blog tour review of Luna Pads though ']""."
55," @thorbenl This is impressive, looks like it will greatly assist me in organizing my social media experience!","['impressive', 'social']","['bright', 'darn', 'energetic', 'good', 'yet', 'Facebook', 'Twitter', 'blogging', 'internet', 'twitter']","[""@jawar what's happening Jawar? Longtime no tweet. Anything new?  Anyway, good to see you here! "", '@johna404 Thanks!  We learn from each other, it is all the other positive tweets that keeps me going.  The twitter concept rocks! #FF']","Paraphrase the following sentence without adding any other information: "" @thorbenl This is impressive, looks like it will greatly assist me in organizing my social media experience!"" based on the user's previous tweets: ""[""@jawar what's happening Jawar? Longtime no tweet. Anything new?  Anyway, good to see you here! "", '@johna404 Thanks!  We learn from each other, it is all the other positive tweets that keeps me going.  The twitter concept rocks! #FF']""."
56," ""Laughing out loud and it's hitting me strongly now! Although, I have finished smoking the blunts.""",['loud'],"['bright', 'darn', 'energetic', 'listening', 'too']","[""@DymondDoll I'm get u so mke sure u include me in too "", '@MSJA LOL damn so I also missed a chance to tongue some whip cream off u too !!  *smh LOL  so what part a ga u stay?']","Paraphrase the following sentence without adding any other information: "" ""Laughing out loud and it's hitting me strongly now! Although, I have finished smoking the blunts."""" based on the user's previous tweets: ""[""@DymondDoll I'm get u so mke sure u include me in too "", '@MSJA LOL damn so I also missed a chance to tongue some whip cream off u too !!  *smh LOL  so what part a ga u stay?']""."
57, @fstorr attempted to watch the initial episodes but didn't enjoy it. He's considering initiating Jeeves & Wooster tomorrow!,['initial'],"['after', 'early', 'the']","['500million people watching fa cup final and no one knew the words to the anthem. Disappointing ', ""Sitting in car outside chippie whilst wife joins the queue which is outside the door! I'm not allowed them tho ""]","Paraphrase the following sentence without adding any other information: "" @fstorr attempted to watch the initial episodes but didn't enjoy it. He's considering initiating Jeeves & Wooster tomorrow!"" based on the user's previous tweets: ""['500million people watching fa cup final and no one knew the words to the anthem. Disappointing ', ""Sitting in car outside chippie whilst wife joins the queue which is outside the door! I'm not allowed them tho ""]""."
58, Follow @ZombieAssassin and he will make sure the rest of his team follows you too.,['sure'],"['know', 'make', 'not']","[""@NicoleRachelle Why do you say that? I'm not defending her in any way....just curious "", ""@PinkBerryGirl Yeah not really ;). J/k we've been killing and converting peeps for #zombie crew ""]","Paraphrase the following sentence without adding any other information: "" Follow @ZombieAssassin and he will make sure the rest of his team follows you too."" based on the user's previous tweets: ""[""@NicoleRachelle Why do you say that? I'm not defending her in any way....just curious "", ""@PinkBerryGirl Yeah not really ;). J/k we've been killing and converting peeps for #zombie crew ""]""."
59," I was born in the year of the rat, feel free to chuckle.",['free'],"['free', 'get', 'please']","['@Knittykim been better but was okay. Monday tomorrow.  hows your weekend so far Kimmy?', '@Knittykim its taking forever for me to reach level 12 and i lost 100k of your moneyz bcos i fail math. ']","Paraphrase the following sentence without adding any other information: "" I was born in the year of the rat, feel free to chuckle."" based on the user's previous tweets: ""['@Knittykim been better but was okay. Monday tomorrow.  hows your weekend so far Kimmy?', '@Knittykim its taking forever for me to reach level 12 and i lost 100k of your moneyz bcos i fail math. ']""."
60," Here we go, I'm starting to babysit two 8-year-old girls for a 10-hour shift.","['8yearold', '10hour']","['quotSee', 'waxyx', 'half', 'waxyx']","[""@Jennybeeean awww  samzies. You'll meet him I promise! Him &amp; josh start again in sept. I'm sure they'll come to where your going to school"", ""@AnnaLinh haha yeahhh it's so annoying. how was the party? i'm so sad i couldn't make it ""]","Paraphrase the following sentence without adding any other information: "" Here we go, I'm starting to babysit two 8-year-old girls for a 10-hour shift."" based on the user's previous tweets: ""[""@Jennybeeean awww  samzies. You'll meet him I promise! Him &amp; josh start again in sept. I'm sure they'll come to where your going to school"", ""@AnnaLinh haha yeahhh it's so annoying. how was the party? i'm so sad i couldn't make it ""]""."
61," ""What channel and time is it airing? Please tell me, I want to watch you!"" - @shaundiviney","['is', 'airing', 'tell', 'want', 'watch']","['This', 'be', 'is', 'so', 'on', 'podcast', 'tonight', 'know', 'you', 'know', 'need', 'wanna', 'you', 'live', 'tonight', 'videos', 'wait', 'youtube']","['@cocoward ohhh  how devastating. . .now i need to wait till dad comes home so he can FIX MY FOXTEL!', '@bradiewebbstack supernatural is coool  i know hey i have like 1st &amp; 2nd season! ']","Paraphrase the following sentence without adding any other information: "" ""What channel and time is it airing? Please tell me, I want to watch you!"" - @shaundiviney"" based on the user's previous tweets: ""['@cocoward ohhh  how devastating. . .now i need to wait till dad comes home so he can FIX MY FOXTEL!', '@bradiewebbstack supernatural is coool  i know hey i have like 1st &amp; 2nd season! ']""."
62," @Trumpette2, I am happy that you enjoyed it. I personally found it exceptionally magnificent.","['happy', 'magnificent']","['excited', 'good', 'lucky', 'sad', 'bright', 'cherish', 'kind', 'shining', 'this']","['Finally out of bed. Good morning all. Twitter VERY slow this morning ', 'Hey, @elliotcole Thank you SO much for the #followfriday. I failed miserably to get a list together this week ']","Paraphrase the following sentence without adding any other information: "" @Trumpette2, I am happy that you enjoyed it. I personally found it exceptionally magnificent."" based on the user's previous tweets: ""['Finally out of bed. Good morning all. Twitter VERY slow this morning ', 'Hey, @elliotcole Thank you SO much for the #followfriday. I failed miserably to get a list together this week ']""."
63," @aspenstudio's sentiment is to throw paint at someone, grab a bucket of fish, and save them by going to the lake.","['is', 'throw', 'grab', 'save', 'going']","['This', 'be', 'is', 'so', 'get', 'put', 'turn', 'get', 'make', 'put', 'get', 'make', 'put', 'go', 'going', 'just']","['I have to go get ready for lunch and a movie. I hope no one was offended or hurt by my comments. We are all saints &amp; sinners in my book. ', '@sconsult Oh snap. Okay, I get it then. I was working in Twitterface, saw only 20 results &amp; wondered what the point was. LOL!  Thanks!']","Paraphrase the following sentence without adding any other information: "" @aspenstudio's sentiment is to throw paint at someone, grab a bucket of fish, and save them by going to the lake."" based on the user's previous tweets: ""['I have to go get ready for lunch and a movie. I hope no one was offended or hurt by my comments. We are all saints &amp; sinners in my book. ', '@sconsult Oh snap. Okay, I get it then. I was working in Twitterface, saw only 20 results &amp; wondered what the point was. LOL!  Thanks!']""."
64," @bikerbar I use the situation to my advantage and stay up during most full moon nights - as I rarely sleep during those times, there's no harm in being watchful.","['most', 'full', 'watchful']","['all', 'more', 'the', 'these', 'those', 'all', 'half', 'more', 'the', 'awake', 'bright', 'energetic', 'loving', 'shining']","['@WalkingHorse Good night to you and all the critters in your care, sweet lady! ', '@digitalzendo Have I mentioned how happy I am to be hearing more of your voice here, Seiho? ']","Paraphrase the following sentence without adding any other information: "" @bikerbar I use the situation to my advantage and stay up during most full moon nights - as I rarely sleep during those times, there's no harm in being watchful."" based on the user's previous tweets: ""['@WalkingHorse Good night to you and all the critters in your care, sweet lady! ', '@digitalzendo Have I mentioned how happy I am to be hearing more of your voice here, Seiho? ']""."
65," Hello, @daisy_thomas. A few spoilers for the finale have been uploaded on YouTube, but I am still excited to watch it.",['few'],"['few', 'just', 'lot', 'these', 'those']","[""@SheenaNastaja Music does magic  No, really can't feel the environment there but it's reserved, it's just deactivated LOL"", 'Kelly is officially on my blogroll!   I just love her! Cool that she liked Adele and The Script ']","Paraphrase the following sentence without adding any other information: "" Hello, @daisy_thomas. A few spoilers for the finale have been uploaded on YouTube, but I am still excited to watch it."" based on the user's previous tweets: ""[""@SheenaNastaja Music does magic  No, really can't feel the environment there but it's reserved, it's just deactivated LOL"", 'Kelly is officially on my blogroll!   I just love her! Cool that she liked Adele and The Script ']""."
66," I'm upset that @miszsarahz and @faye_tan were both at Bourke St, so close to my workplace, but didn't come to visit me.",['upset'],"['excited', 'going', 'sad', 'tired']","[""brin's ignoring me n even refuses my cuddles  she must be able to smell milo on me,that jealous bun of mine!"", 'why cant i make eveyone happy?dunno y even when i try my hardest,there r bound to be ppl unhappy with things i say or do  boo..']","Paraphrase the following sentence without adding any other information: "" I'm upset that @miszsarahz and @faye_tan were both at Bourke St, so close to my workplace, but didn't come to visit me."" based on the user's previous tweets: ""[""brin's ignoring me n even refuses my cuddles  she must be able to smell milo on me,that jealous bun of mine!"", 'why cant i make eveyone happy?dunno y even when i try my hardest,there r bound to be ppl unhappy with things i say or do  boo..']""."
67," I won't have anyone to go with me to see that, but it looks like fun!","['have', 'go', 'see', 'looks']","['already', 'had', 'have', 'need', 'do', 'go', 'to', 'know', 'you', 'darn', 'just', 'like', 'weird']","['I keep seeing twitter commercials. Hahahaa.  I need to get home so i can do chores and laundry. Ughh.', ""@ThePISTOL lol. XD too bad you aren't coming to Minnesota. ""]","Paraphrase the following sentence without adding any other information: "" I won't have anyone to go with me to see that, but it looks like fun!"" based on the user's previous tweets: ""['I keep seeing twitter commercials. Hahahaa.  I need to get home so i can do chores and laundry. Ughh.', ""@ThePISTOL lol. XD too bad you aren't coming to Minnesota. ""]""."
68," @NewerDeal, you're being rude and irrelevant by saying ""bananas don't shoot."" Shut up and stop being nasty.","['irrelevant', 'nasty']","['anyway', 'not', 'sad', 'useless', 'blunt', 'darn', 'freak', 'kind', 'weird']","['@tanijoy ooh I hate u!! I have not had time to &quot;beautify&quot; myself in weeks ', ""#whocangetit anybody who hates the Lakers.  Ok not really, but that's a solid first step ""]","Paraphrase the following sentence without adding any other information: "" @NewerDeal, you're being rude and irrelevant by saying ""bananas don't shoot."" Shut up and stop being nasty."" based on the user's previous tweets: ""['@tanijoy ooh I hate u!! I have not had time to &quot;beautify&quot; myself in weeks ', ""#whocangetit anybody who hates the Lakers.  Ok not really, but that's a solid first step ""]""."
69," Every time I go to Target, it's a disaster. I end up purchasing unnecessary items. This time I bought a charming dress and shirt.","['unnecessary', 'charming']","['expensive', 'too', 'useless', 'without', 'bright', 'energetic', 'kind', 'loving', 'sad']","[""Guess where I'm at? Hint: I'm about to spend too much money............... TARGET! "", 'I secretly love it when Jeff calls me Annaleah  I love you too baby boy!']","Paraphrase the following sentence without adding any other information: "" Every time I go to Target, it's a disaster. I end up purchasing unnecessary items. This time I bought a charming dress and shirt."" based on the user's previous tweets: ""[""Guess where I'm at? Hint: I'm about to spend too much money............... TARGET! "", 'I secretly love it when Jeff calls me Annaleah  I love you too baby boy!']""."
70," @ingvild1211, I am no longer consuming fast food and only drinking Dr. Pepper until my stone is removed as it is too large to pass.",['large'],['a'],"['@onlyJesus777 i was in a hospital for a week and a half pretty much on the virge of dying. ', ""@therealTiffany i could be tawni's personal complimentor lol what a job that would be ""]","Paraphrase the following sentence without adding any other information: "" @ingvild1211, I am no longer consuming fast food and only drinking Dr. Pepper until my stone is removed as it is too large to pass."" based on the user's previous tweets: ""['@onlyJesus777 i was in a hospital for a week and a half pretty much on the virge of dying. ', ""@therealTiffany i could be tawni's personal complimentor lol what a job that would be ""]""."
71," Currently viewing a film about Shangri-la and feeling nostalgic for the place; the sky seemed so close, one could almost touch the clouds.","['viewing', 'feeling', 'seemed', 'touch']","['internet', 'listening', 'sleeping', 'videos', 'your', 'excited', 'kind', 'sad', 'tired', 'had', 'meant', 'might', 'wanted', 'would', 'get', 'please', 'your']","['is sad that Firefox 3.5 RC1 currently only supports OGV, not MP4.  Hopefully the final version can decode MP4 video.', 'buys netbook running Windows 7, and get this shiatz?   ']","Paraphrase the following sentence without adding any other information: "" Currently viewing a film about Shangri-la and feeling nostalgic for the place; the sky seemed so close, one could almost touch the clouds."" based on the user's previous tweets: ""['is sad that Firefox 3.5 RC1 currently only supports OGV, not MP4.  Hopefully the final version can decode MP4 video.', 'buys netbook running Windows 7, and get this shiatz?   ']""."
72," @IsadoraR, it's unbelievable! I'm aware of the situation and disheartened. How is this happening? Detroit had so many opportunities! Let's go!","['unbelievable', 'aware', 'many']","['just', 'kind', 'sad', 'weird', 'already', 'know', 'not', 'all', 'few', 'people', 'these', 'those']","['@IsadoraR oh i know you did. haha damn twitter and being over capacity every 2.3 seconds. I KNOW I SAW THAT not good. aww matty cooke tho ', '@IsadoraR yeah all their previews on myspace sound pretty rad , and guess what? the one song i have..WONT go on mp3. FML.FML.FML. ']","Paraphrase the following sentence without adding any other information: "" @IsadoraR, it's unbelievable! I'm aware of the situation and disheartened. How is this happening? Detroit had so many opportunities! Let's go!"" based on the user's previous tweets: ""['@IsadoraR oh i know you did. haha damn twitter and being over capacity every 2.3 seconds. I KNOW I SAW THAT not good. aww matty cooke tho ', '@IsadoraR yeah all their previews on myspace sound pretty rad , and guess what? the one song i have..WONT go on mp3. FML.FML.FML. ']""."
73," @beanchef agrees and adds that Disney doesn't seem interested in non-university/TAFE students. They think it's lame, but @beanchef loves Disney a lot.","['interested', 'nonuniversityTAFE', 'lame']","['excited', 'going', 'know', 'waxyx', 'weiweis', 'darn', 'sad', 'tired', 'useless', 'weird']","[""@DkW_2023 im sick  dont know if there's anything im really keen to see"", '@threehundredfps yeah that gurl of urs is incredible  it makes me sad that we dont all get to hang out (really it does. a lot.)']","Paraphrase the following sentence without adding any other information: "" @beanchef agrees and adds that Disney doesn't seem interested in non-university/TAFE students. They think it's lame, but @beanchef loves Disney a lot."" based on the user's previous tweets: ""[""@DkW_2023 im sick  dont know if there's anything im really keen to see"", '@threehundredfps yeah that gurl of urs is incredible  it makes me sad that we dont all get to hang out (really it does. a lot.)']""."
74," @mlydy, that hurt. You didn't have to reveal that you heavily edited my profile picture. *crying*",['profile'],"['Facebook', 'Twitter', 'email', 'twitter', 'videos']","[""@ChristianGAdams I'd bet I have at least 20 Columbus followers with a truck but I don't think they love me "", '  - My poor knee has seen better weekends  #dumbass']","Paraphrase the following sentence without adding any other information: "" @mlydy, that hurt. You didn't have to reveal that you heavily edited my profile picture. *crying*"" based on the user's previous tweets: ""[""@ChristianGAdams I'd bet I have at least 20 Columbus followers with a truck but I don't think they love me "", '  - My poor knee has seen better weekends  #dumbass']""."
75, @pokernut expresses gratitude and mentions being tired but unable to sleep. They are currently sorting through photos from a recent trip and found it to be a wonderful experience. They express a desire to return soon.,"['unable', 'recent', 'wonderful']","['cant', 'continue', 'not', 'still', 'consecutive', 'early', 'few', 'these', 'this', 'good', 'kind', 'loving', 'lucky', 'sad']","['Ah, got in a quick nap!  Yay! to the Westin for allowing early check-in at 7:30 AM ', ""@CindiCupcaking Cool! I'm there June 5th and then again on June 9th - so, wait... this is run by an Indian?  hahaha cool ""]","Paraphrase the following sentence without adding any other information: "" @pokernut expresses gratitude and mentions being tired but unable to sleep. They are currently sorting through photos from a recent trip and found it to be a wonderful experience. They express a desire to return soon."" based on the user's previous tweets: ""['Ah, got in a quick nap!  Yay! to the Westin for allowing early check-in at 7:30 AM ', ""@CindiCupcaking Cool! I'm there June 5th and then again on June 9th - so, wait... this is run by an Indian?  hahaha cool ""]""."
76," @emmarossx excellent, but I don't want to be in this town for too long, I hate it.",['long'],"['few', 'gone', 'time', 'too']","['@emmarossx @x_Maxine_x wonder where nicole is ladies  think shes ditched us and gone to bed?', '@emmarossx a few  what was that all about with ross? alex was pure annoyin me wen he kept goin on :|']","Paraphrase the following sentence without adding any other information: "" @emmarossx excellent, but I don't want to be in this town for too long, I hate it."" based on the user's previous tweets: ""['@emmarossx @x_Maxine_x wonder where nicole is ladies  think shes ditched us and gone to bed?', '@emmarossx a few  what was that all about with ross? alex was pure annoyin me wen he kept goin on :|']""."
77, Yay! Only six days left! I'm heading to town to meet my friend and we plan to do some serious shopping!,['serious'],"['any', 'good', 'kind', 'more', 'too']","['wooppp a hot Sunday lunch calls my name. will be back later this afternoon to tweet some more ', 'my feet hurt  got my fluffy pink slippers on now XD']","Paraphrase the following sentence without adding any other information: "" Yay! Only six days left! I'm heading to town to meet my friend and we plan to do some serious shopping!"" based on the user's previous tweets: ""['wooppp a hot Sunday lunch calls my name. will be back later this afternoon to tweet some more ', 'my feet hurt  got my fluffy pink slippers on now XD']""."
78," @linhamin, feel free to return it whenever you like.",['free'],"['free', 'get', 'please']","['@tttdang @heavenlykevinly I got a minor concussion from hitting my head really hard going down a slide on the last day of school ', ""I just woke up all sweaty with tears from a really bad dream  I can't believe I slept for 13 hours... AND missed Saturday School.""]","Paraphrase the following sentence without adding any other information: "" @linhamin, feel free to return it whenever you like."" based on the user's previous tweets: ""['@tttdang @heavenlykevinly I got a minor concussion from hitting my head really hard going down a slide on the last day of school ', ""I just woke up all sweaty with tears from a really bad dream  I can't believe I slept for 13 hours... AND missed Saturday School.""]""."
79," @JessicaHowerth I am hesitant to speculate about what happened to that place, but I have very positive feelings towards it.","['hesitant', 'positive']","['excited', 'not', 'too', 'wanted', 'bright', 'energetic', 'good', 'kind', 'loving']","[""Excoworker and I drank far too much beer and ran our mouths all night. Much fun- I'm amazed I'm not (that) hungover "", ""@amynotlp I think a lot of people thinking about that wreck jumped to &quot;Lost&quot; like it's some kind of wish fulfillment... ""]","Paraphrase the following sentence without adding any other information: "" @JessicaHowerth I am hesitant to speculate about what happened to that place, but I have very positive feelings towards it."" based on the user's previous tweets: ""[""Excoworker and I drank far too much beer and ran our mouths all night. Much fun- I'm amazed I'm not (that) hungover "", ""@amynotlp I think a lot of people thinking about that wreck jumped to &quot;Lost&quot; like it's some kind of wish fulfillment... ""]""."
80, I was able to resist spending money (for the time being). It's probably a good time to have lunch though.,"['able', 'good']","['be', 'to', 'darn', 'good', 'kind', 'lot', 'too']","['oooh I ate too much  not feeling so great', 'ugh, stayed up way too late then took a nap. now I feel worse.  not so good. hope you are all doing better than I am today.']","Paraphrase the following sentence without adding any other information: "" I was able to resist spending money (for the time being). It's probably a good time to have lunch though."" based on the user's previous tweets: ""['oooh I ate too much  not feeling so great', 'ugh, stayed up way too late then took a nap. now I feel worse.  not so good. hope you are all doing better than I am today.']""."
81," @Heidi_range, I just want to let you know that you and your group were fantastic at my summer ball last night. Thanks for making it an incredible evening x.","['fantastic', 'last', 'incredible']","['favourite', 'good', 'kind', 'lucky', 'this', 'day', 'half', 'this', 'time', 'excited', 'good', 'kind', 'lucky', 'this']","['In 24hrs time I will be at uni waiting to start my 1st exam, scary. I am working hard this morning though, and feeling ok about it atm ', ""We are all running round doing things for my brother's party and he hasn't even bothered to come out of his room. ARSE. No revision time ""]","Paraphrase the following sentence without adding any other information: "" @Heidi_range, I just want to let you know that you and your group were fantastic at my summer ball last night. Thanks for making it an incredible evening x."" based on the user's previous tweets: ""['In 24hrs time I will be at uni waiting to start my 1st exam, scary. I am working hard this morning though, and feeling ok about it atm ', ""We are all running round doing things for my brother's party and he hasn't even bothered to come out of his room. ARSE. No revision time ""]""."
82," Time for Pilates! Now, I need to scour the world for my white tank top.",['white'],"['blood', 'bright', 'friday', 'shining', 'wash']","[""I'm pretty sure Burt is trying to worm his way into our powwow trip. Nothing would ruin a girls day like that "", 'back from working. I am so dead tired, but not in the way that I need sleep. I hope I can hold out all this week ']","Paraphrase the following sentence without adding any other information: "" Time for Pilates! Now, I need to scour the world for my white tank top."" based on the user's previous tweets: ""[""I'm pretty sure Burt is trying to worm his way into our powwow trip. Nothing would ruin a girls day like that "", 'back from working. I am so dead tired, but not in the way that I need sleep. I hope I can hold out all this week ']""."
83," We filmed in Hoboken, which is one of the four things we're known for.","['filmed', 'is', 're', 'known']","['had', 'live', 'night', 'videos', 'youtube', 'This', 'be', 'is', 'so', 'If', 'So', 'if', 'we', 'are', 'become', 'had', 'meant']","['@PATHPweets nothing like a smoky little shut-down to increase your followers! twitter is an excellent outlet for this though ', '@exalted719 @johnsancheznyc too late. he put his coveralls on ']","Paraphrase the following sentence without adding any other information: "" We filmed in Hoboken, which is one of the four things we're known for."" based on the user's previous tweets: ""['@PATHPweets nothing like a smoky little shut-down to increase your followers! twitter is an excellent outlet for this though ', '@exalted719 @johnsancheznyc too late. he put his coveralls on ']""."
84," It's tough to accept that while someone hasn't tasted Mr. Cerpa's carne asada, they have experienced sexual activity.","['tough', 'sexual']","['darn', 'going', 'good', 'too', 'blood', 'energetic', 'kind', 'life']","[""Everyone is going Crazy. This isn't a sad graduation whatsoever  "", ""IT IS EFFIN HOT OUT HERE. CLASS OF 2009 WILL HAVE SKIN CANCER BY THE END OF TODAY But we'll all havea really bomb ass tan  glass half full""]","Paraphrase the following sentence without adding any other information: "" It's tough to accept that while someone hasn't tasted Mr. Cerpa's carne asada, they have experienced sexual activity."" based on the user's previous tweets: ""[""Everyone is going Crazy. This isn't a sad graduation whatsoever  "", ""IT IS EFFIN HOT OUT HERE. CLASS OF 2009 WILL HAVE SKIN CANCER BY THE END OF TODAY But we'll all havea really bomb ass tan  glass half full""]""."
85," A new ad for a 1984 Toyota Hiace in Brisbane priced at $3,900 will soon be posted on the HCC site.",['new'],"['excited', 'same', 'the', 'this']","['Brisbane - Toyota - Hiace - 1983 - $5222.03 - new ad received and will be posted on the HCC site soon ', 'Sydney - Toyota - Hiace - 1989 - $4,500 - new ad received and will be posted on the HCC site soon ']","Paraphrase the following sentence without adding any other information: "" A new ad for a 1984 Toyota Hiace in Brisbane priced at $3,900 will soon be posted on the HCC site."" based on the user's previous tweets: ""['Brisbane - Toyota - Hiace - 1983 - $5222.03 - new ad received and will be posted on the HCC site soon ', 'Sydney - Toyota - Hiace - 1989 - $4,500 - new ad received and will be posted on the HCC site soon ']""."
86," I am extremely tired, but also happy because my test is finally finished.","['tired', 'happy']","['got', 'hungry', 'sad', 'tired', 'excited', 'good', 'lucky', 'sad']","[""just done with my &quot;you got served&quot; time  it's kinda funny seeing younger beat freaks members "", ""@_Lady_B @TheQuestCrew @mEgG_eLizAbEtH good morning! And for @pj_endrinal good evening i guess? It's evening here  have a great day yall!""]","Paraphrase the following sentence without adding any other information: "" I am extremely tired, but also happy because my test is finally finished."" based on the user's previous tweets: ""[""just done with my &quot;you got served&quot; time  it's kinda funny seeing younger beat freaks members "", ""@_Lady_B @TheQuestCrew @mEgG_eLizAbEtH good morning! And for @pj_endrinal good evening i guess? It's evening here  have a great day yall!""]""."
87, Reminder to oneself: complete English essay and be attentive during class.,"['complete', 'attentive']","['a', 'all', 'need', 'without', 'awake', 'energetic', 'hungry', 'listening', 'loving']","[""so.. if you've ever been to spain and you drove past a field of cows, you'll realise that they are all smiling away "", 'finished my hair :| it looks crap. stupid weather made it all fuzzyyy. it wont de fuz! ']","Paraphrase the following sentence without adding any other information: "" Reminder to oneself: complete English essay and be attentive during class."" based on the user's previous tweets: ""[""so.. if you've ever been to spain and you drove past a field of cows, you'll realise that they are all smiling away "", 'finished my hair :| it looks crap. stupid weather made it all fuzzyyy. it wont de fuz! ']""."
88," @antsrants expressed gratitude for having a skilled friend who is a professional guitar technician, hoping that the problem with their own guitar will be resolved soon. They also added a ""ouch"" emoji, possibly indicating that something went wrong with the instrument.","['skilled', 'professional', 'technician', 'own', 'ouch', 'wrong']","['energetic', 'lucky', 'people', 'person', 'work', 'energetic', 'good', 'kind', 'person', 'work', 'car', 'informatics', 'person', 'train', 'work', 'its', 'my', 'your', 'argh', 'haha', 'oops', 'yeah', 'going', 'just', 'not']","[""@Homdaum ah, he's just not trying!  He won't resist for long.. "", "".@mooseharris oh the shame ... I'm killing myself now. Gin-fingers, it's my only excuse ""]","Paraphrase the following sentence without adding any other information: "" @antsrants expressed gratitude for having a skilled friend who is a professional guitar technician, hoping that the problem with their own guitar will be resolved soon. They also added a ""ouch"" emoji, possibly indicating that something went wrong with the instrument."" based on the user's previous tweets: ""[""@Homdaum ah, he's just not trying!  He won't resist for long.. "", "".@mooseharris oh the shame ... I'm killing myself now. Gin-fingers, it's my only excuse ""]""."
89, I need to start writing the article on Zhang Yin.,"['need', 'start', 'writing']","['get', 'have', 'need', 'after', 'before', 'going', 'blogging', 'life', 'listening', 'music', 'work']","['Ugh, WAMP is deciding not to work properly today. ', ""I'm getting this feeling that today isn't going to be too good. ""]","Paraphrase the following sentence without adding any other information: "" I need to start writing the article on Zhang Yin."" based on the user's previous tweets: ""['Ugh, WAMP is deciding not to work properly today. ', ""I'm getting this feeling that today isn't going to be too good. ""]""."
90," Oh dear Jesus, I would treat her very well! I would buy her flowers and cook her a grilled cheese, haha.","['dear', 'grilled']","['Gosh', 'Oh', 'cherish', 'restaurants', 'shining', 'sun', 'tonight']","['i wont be on this for a min  need time alone need to get up fallen deeper in the hole...(hurts) ill b ok...? tears to shall dry...........', '@mal_CA lol i dont think thats gay they dont have to think they r sexy just sttractive dummie n your not cumin back to cali?? ']","Paraphrase the following sentence without adding any other information: "" Oh dear Jesus, I would treat her very well! I would buy her flowers and cook her a grilled cheese, haha."" based on the user's previous tweets: ""['i wont be on this for a min  need time alone need to get up fallen deeper in the hole...(hurts) ill b ok...? tears to shall dry...........', '@mal_CA lol i dont think thats gay they dont have to think they r sexy just sttractive dummie n your not cumin back to cali?? ']""."
91," I found it amusing when I found out who Anton was playing in the movie. I haven't had the chance to rewatch the first three movies yet, but I need to do so before I watch the fourth one.","['first', 'fourth']","['the', '12th', '13th', 'consecutive', 'half', 'the']","[""Finally finished season 1 of CSI! Now time for lunch then the afternoon at my Gram's! I can't believe the weekend's almost over already. "", ""Sixteen days left of school...then two work days, then I'm done for the summer! ""]","Paraphrase the following sentence without adding any other information: "" I found it amusing when I found out who Anton was playing in the movie. I haven't had the chance to rewatch the first three movies yet, but I need to do so before I watch the fourth one."" based on the user's previous tweets: ""[""Finally finished season 1 of CSI! Now time for lunch then the afternoon at my Gram's! I can't believe the weekend's almost over already. "", ""Sixteen days left of school...then two work days, then I'm done for the summer! ""]""."
92, Looks like tonight's plans are cancelled due to my child's fever.,['due'],"['after', 'its']","[""@rssanborn true, depends on the couple  Personally we've found adding more has increased the fun &amp; increased our bond "", ""@susanahG it's raining here in Melbourne too   Must be a really big cloud lol""]","Paraphrase the following sentence without adding any other information: "" Looks like tonight's plans are cancelled due to my child's fever."" based on the user's previous tweets: ""[""@rssanborn true, depends on the couple  Personally we've found adding more has increased the fun &amp; increased our bond "", ""@susanahG it's raining here in Melbourne too   Must be a really big cloud lol""]""."
93," Kelly Rowland gave an amazing performance on 'This Morning', and the person who tweeted adores the song. She is also praised as a rockstar.","['amazing', 'This']","['darn', 'excited', 'good', 'kind', 'lucky', 'The', 'This', 'is', 'this', 'which']","[""@amy2608  wow, I wonder how this is going to work!! Can't wait to see it  Xxx"", '@PaulaAbdul wow  Have fun, love to dance! Wish I was even a quarter as good as u are xxxx']","Paraphrase the following sentence without adding any other information: "" Kelly Rowland gave an amazing performance on 'This Morning', and the person who tweeted adores the song. She is also praised as a rockstar."" based on the user's previous tweets: ""[""@amy2608  wow, I wonder how this is going to work!! Can't wait to see it  Xxx"", '@PaulaAbdul wow  Have fun, love to dance! Wish I was even a quarter as good as u are xxxx']""."
94, I am extremely exhausted and am eagerly looking forward to the end of my work day.,['exhausted'],"['awake', 'excited', 'gone', 'hungry', 'tired']","['@COLKNO13 yeah there are a few good ones coming out this summer ', ""@mmiller0702 just watched it from my blackberry.....I gotta say wow  I guess I didn't understand how bad it was till now""]","Paraphrase the following sentence without adding any other information: "" I am extremely exhausted and am eagerly looking forward to the end of my work day."" based on the user's previous tweets: ""['@COLKNO13 yeah there are a few good ones coming out this summer ', ""@mmiller0702 just watched it from my blackberry.....I gotta say wow  I guess I didn't understand how bad it was till now""]""."
95, You can imagine that things will be alright if you are intoxicated enough.,"['imagine', 'be', 'are', 'intoxicated']","['just', 'know', 'might', 'would', 'be', 'is', 'not', 'will', 'are', 'have', 'will', '1am', 'addicted', 'awake', 'night', 'sleeping']","['@staceystorey I love being able to have windows open at night and smelling the fresh air. ', ""@JaymeROXann Grab a drink an put on some headphones and listen to some of your favorite music. It's not perfect but it might help. ""]","Paraphrase the following sentence without adding any other information: "" You can imagine that things will be alright if you are intoxicated enough."" based on the user's previous tweets: ""['@staceystorey I love being able to have windows open at night and smelling the fresh air. ', ""@JaymeROXann Grab a drink an put on some headphones and listen to some of your favorite music. It's not perfect but it might help. ""]""."
96, @farebad acknowledged and expressed gratitude for a statement. They mentioned that they have not slept yet and are considering putting sheets on their bed and doing laundry.,"['acknowledged', 'expressed', 'mentioned', 'have', 'slept', 'are', 'considering', 'putting', 'doing']","['already', 'had', 'have', 'meant', 'are', 'exceeded', 'had', 'meant', 'already', 'had', 'have', 'might', 'already', 'had', 'have', 'need', 'awake', 'bed', 'night', 'sleep', 'sleeping', 'are', 'have', 'will', 'about', 'but', 'might', 'that', 'carrying', 'going', 'off', 'put', 'going', 'just', 'work']","[""@sugahray ? You didn't have fun? What happened?!  &lt;3"", ""@LindsayRush  I know what you mean! It's not just on repeat on my iPod, when I turn off my music, I sing it in my head. x) Is that weird?""]","Paraphrase the following sentence without adding any other information: "" @farebad acknowledged and expressed gratitude for a statement. They mentioned that they have not slept yet and are considering putting sheets on their bed and doing laundry."" based on the user's previous tweets: ""[""@sugahray ? You didn't have fun? What happened?!  &lt;3"", ""@LindsayRush  I know what you mean! It's not just on repeat on my iPod, when I turn off my music, I sing it in my head. x) Is that weird?""]""."
97, @LilaiPiolin's Twitter account is experiencing technical difficulties and may not be able to send updates at the moment. She apologizes for any inconvenience.,"['technical', 'able']","['any', 'informatics', 'kind', 'need', 'work', 'be', 'to']","['@SoulshockLA Hey dude please you can say HI to the new @backstreet_team in twitter ??? ', '@ClaudeKelly YEAH!!! BE HAPPY AND SMILE, DON`T LET ANOTHERS THINKS MAKE YOU UPSET , LET`S GO TO DO OUR BEST LIKE ALWAYS ']","Paraphrase the following sentence without adding any other information: "" @LilaiPiolin's Twitter account is experiencing technical difficulties and may not be able to send updates at the moment. She apologizes for any inconvenience."" based on the user's previous tweets: ""['@SoulshockLA Hey dude please you can say HI to the new @backstreet_team in twitter ??? ', '@ClaudeKelly YEAH!!! BE HAPPY AND SMILE, DON`T LET ANOTHERS THINKS MAKE YOU UPSET , LET`S GO TO DO OUR BEST LIKE ALWAYS ']""."
98," Spending the night with Lici and Laysia, reminiscing about old times. Goodnight.",['old'],"['just', 'like', 'still', 'tired']","['@DNicestDyme  singing scared of lonely odee loud like I swear im beyonce.. imu ', ""@STEYFRESH nah not even.. u NEVER hit me up nd I hit pple back up WHEN I CAN.. so im sorry .. don't get mad @ me ""]","Paraphrase the following sentence without adding any other information: "" Spending the night with Lici and Laysia, reminiscing about old times. Goodnight."" based on the user's previous tweets: ""['@DNicestDyme  singing scared of lonely odee loud like I swear im beyonce.. imu ', ""@STEYFRESH nah not even.. u NEVER hit me up nd I hit pple back up WHEN I CAN.. so im sorry .. don't get mad @ me ""]""."
99, I'm signing off for the night. Thanks for keeping me company while I was busy. Time to go to sleep...,['busy'],"['day', 'time', 'tired', 'too']","['@StephieM LOL... I responded to the wrong dancing video! Major DOYAGE!! Thank you. Yeah, it was cool of him to include me in the video. ', 'Who else is home, awake, and bored right now besides @DeniseVlogs? ']","Paraphrase the following sentence without adding any other information: "" I'm signing off for the night. Thanks for keeping me company while I was busy. Time to go to sleep..."" based on the user's previous tweets: ""['@StephieM LOL... I responded to the wrong dancing video! Major DOYAGE!! Thank you. Yeah, it was cool of him to include me in the video. ', 'Who else is home, awake, and bored right now besides @DeniseVlogs? ']""."
